Movie,Location
Foxcatcher,Unknown
The Lifeguard,Unknown
Out of the Furnace,Unknown
Promised Land,Unknown
Jack Reacher,Unknown
Won't Back Down,Unknown
The Perks of Being a Wallflower,Unknown
The Dark Knight Rises,Unknown
One for the Money,Unknown
Abduction,Unknown
I Am Number Four,Unknown
The Chief,Unknown
The Next Three Days,Unknown
Unstoppable,Unknown
Shannon's Rainbow,Unknown
The Road,Unknown
Striking Distance,Unknown
Love & Other Drugs,Unknown
The Fault in Our Stars,Unknown
The Avengers,Unknown
Super 8,Unknown
Warrior,Unknown
She's Out of My League,Unknown
Adventureland,Unknown
